id;first_name;last_name;gender;email;phone;address_line_1;address_line_2;city;country
1;Alfredo;Gleason;MALE;F-$Dfqvh"idkpJ=lv))alhmA1gZe.{5HiTd%GkVvHL*c_AJ@eUSRIwI+P,/.=4Clv}G:K=va'LJPh06y&4>a#dmDt$/RNmcD1\n>Qgk6!dU*:N{/SdIsB7D-4fQ-#siEN6/^`a)%5?f=4.vG`|t?ZUF>$rNavU{>S2q]uMfL{7cSXU;(154) 495-2560 x7322;cross-platform Point Orchestrator;Solomon Islands Licensed;Corwinborough;Lithuania
2;Chyna;Powlowski;OTHER;oVcifLPUBM#~b9m]]p+Zam:pfN0-<MM5)<K_WuY@]&PWELGlH03_Y;z1R;^LMThcoL)):?tl4rw;|,n}Q+jPCDjfG&Pt)PH<ggr.![5Z!?G<,)Qg0;vO.ImImHQ}+':C?Za`m^;1-823-601-9633 x598;Forint;Concrete Global SMS;East Magdalena;Chile
3;Reanna;Wunsch;MALE;b7_u8\?mPYYP+nTVs3Q7pA:,hK|WfSn$%k0Y:H|HWim25w~E#Jwae_2HPmfrqbYhB}&_V_{r[,GN#rnu*MWW4j#I(e}@[:J1(TD9o(_R'j#IBvBc9FD\ngj#Oy)C8$?xwR]PH5UKU#_^~Fv.U8r_Ca%,OgBYE#>}zdR8t_JjueWX)]1NGfCRc?a)!h";(613) 237-7888 x84786;Unbranded Cheese Dynamic;Alabama transform;Ondrickashire;Albania
4;Ed;Crooks;MALE;K`Yd8a~Yl?YF"(@4!%|q)WU_,l~v_w}L?=4DYAyf|x%B;8J-9*z$`EWbTo&l6G/"Z*{W?jMU)RKekH!D.(]0W=v8#C{kweRcAeeh*epR>nC~k9x7M#,,lrIPS3CXY4]_Up~(k3{W36l%K-"k4"h'ec<Zt,;1-024-317-3678 x7635;Sleek turn-key;Ergonomic;Watsonshire;Hong Kong
5;Jeanne;Toy;MALE;MbvtY!iH/GbZ%ZFtUs/Fl"5ugg_;b|O;djY;{e,3pu:&{wGQCnwTS9"73/,^NJm!VNXO^/.lGN'y,L,Zm1mA-UH:g@"M_tzA*1|\jG*=.w.9S=>;HRTsD_m\$F-e<"0EW{lyKKjG7f]E-MGU8C;1-425-076-0199 x4929;out-of-the-box Automotive Tactics;Venezuela Wisconsin;Stehrton;France
6;Elmo;Hoppe;MALE;{1pSD7l"9xG1J\Zz*_RK<H~7tkL~oF9-=W8d[2)x%r$i_u]tOw}s~/&J%;EK9@ojx\#3Y!;.aH40Ge$JX;o#oQ>k)Tvgj25unJ"Eqb!z%;~^eR~4y<m\a%J17chLK};986.950.0266;intuitive Open-architected system-worthy;program;Bridiechester;Pitcairn Islands
7;Floy;Lueilwitz;FEMALE;Wfg5=|t0e|p6E3lvy~g?ma.ighLe)v#V0v&K]BkP?x[I~?~1ve[|h@:;l,0=jRJiA0{P*^)fseh_1,)j96wDdo;Th5'B_Y8UbWF"'ERMz$Qx0w%2IB%c_'y_)F|Py''D[9h.;bnf(=q4/ISF(/#,|(}L%F(-K*0Xin/9n*lnz*L5>HX`X.mw;(505) 671-6073;Unbranded Fresh Pants Tools California;North Dakota Garden;East Karen;Wallis and Futuna
8;Edmond;Smitham;OTHER;*}n5Sa&$gQzg;5V?GT0p1c;;HL<7ZkzhXV'qx.@,K'a_WiZx\^])ieN>`s~xc9oCu!bT"6ZwJU>h8ei)[eGEO:+&,?oGqhB(X4uux`H_zq]AzO.:&!mHL~Vvi5Tt^M!`]f)`gBa:Bph>ruRD=bsm_<Q_jD-6S2zBGJtmmiPWMH9"q:];1-358-722-9640;Intelligent Granite Shirt Peru deposit;Frozen Analyst card;Lake Grayceburgh;Italy
9;Ibrahim;Roberts;MALE;$=UwtnR^t^`l4gb.+HeN:=(*d&A3&]E~K<C,'Vr<EIP*[&i*t.B$,9`!%WD(L^cIVpZe@}KQG[]k's#P^5F%,{{z[K,Vb2xRr7/H"wE^chLQ4pAc.N1hpDw5\DuW;rCK(>Uf#u*_Y!`ls?ZWhtTNC`KFiD^H}K8ezn54"?:wVvx>'A<},lg3y;xkv3kexc/t;(401) 914-2250 x7169;invoice;alarm Jamaica;Morganbury;Aruba
10;Dell;Mann;FEMALE;y"o&X{V^"YNzr+M\*_C/BR\2Bw}[uxjGuzNF%F`nGkn1yC_}(`}/&H@I!I4l22gFDk=pS`+J*{+*^Nkp:'*Zx2Qyqs1eZcK8pGee)]'g3\(.fS6KE~;yVLKLEKFcd&%cAUUhU[oBUYBn<|7TD/$&S~b7t`s5pAU;|]Byu_`qfcVeH!hiZU#Iw-4&Xkr\]5<{r2;389-714-0074;Hollow Shoes systems;Generic Frozen Tuna HTTP;West Adrienne;Netherlands Antilles
